-- =============================================================================
-- Developer Seed Data — Enrollment System
-- Run AFTER schema.sql on a clean database.
-- Requires pgcrypto (already enabled by schema.sql).
--
-- Default credentials:
--   Admin      → admin@school.edu        / admin123
--   Professor  → jdelacruz@school.edu    / prof123
--   Students   → msantos@student.edu     / student123
--              → jreyes@student.edu      / student123
-- =============================================================================

-- -----------------------------------------------------------------------------
-- College
-- -----------------------------------------------------------------------------
INSERT INTO public.colleges (id, name, code) VALUES
  ('00000001-0000-0000-0000-000000000001', 'College of Computing and Information Sciences', 'CCIS')
ON CONFLICT DO NOTHING;

-- -----------------------------------------------------------------------------
-- Departments
-- -----------------------------------------------------------------------------
INSERT INTO public.departments (id, college_id, name, code) VALUES
  ('00000002-0000-0000-0000-000000000001', '00000001-0000-0000-0000-000000000001', 'Department of Computer Science',       'CS'),
  ('00000002-0000-0000-0000-000000000002', '00000001-0000-0000-0000-000000000001', 'Department of Information Technology', 'IT')
ON CONFLICT DO NOTHING;

-- -----------------------------------------------------------------------------
-- Programs
-- -----------------------------------------------------------------------------
INSERT INTO public.programs (id, department_id, name, code, years_to_complete) VALUES
  ('00000003-0000-0000-0000-000000000001', '00000002-0000-0000-0000-000000000001', 'Bachelor of Science in Computer Science',       'BSCS', 4),
  ('00000003-0000-0000-0000-000000000002', '00000002-0000-0000-0000-000000000002', 'Bachelor of Science in Information Technology', 'BSIT', 4)
ON CONFLICT DO NOTHING;

-- -----------------------------------------------------------------------------
-- Users
-- -----------------------------------------------------------------------------
INSERT INTO public.users (id, role, name, email, password_hash) VALUES
  ('00000004-0000-0000-0000-000000000001', 'admin',     'System Administrator', 'admin@school.edu',
   crypt('admin123', gen_salt('bf', 10))),
  ('00000004-0000-0000-0000-000000000002', 'professor',  'Juan dela Cruz',      'jdelacruz@school.edu',
   crypt('prof123', gen_salt('bf', 10))),
  ('00000004-0000-0000-0000-000000000003', 'professor',  'Ana Reyes',           'areyes@school.edu',
   crypt('prof123', gen_salt('bf', 10))),
  ('00000004-0000-0000-0000-000000000004', 'student',    'Maria Santos',        'msantos@student.edu',
   crypt('student123', gen_salt('bf', 10))),
  ('00000004-0000-0000-0000-000000000005', 'student',    'Jose Garcia',         'jgarcia@student.edu',
   crypt('student123', gen_salt('bf', 10))),
  ('00000004-0000-0000-0000-000000000006', 'student',    'Liza Mendoza',        'lmendoza@student.edu',
   crypt('student123', gen_salt('bf', 10)))
ON CONFLICT DO NOTHING;

-- -----------------------------------------------------------------------------
-- Professors
-- -----------------------------------------------------------------------------
INSERT INTO public.professors (user_id, faculty_id) VALUES
  ('00000004-0000-0000-0000-000000000002', 'FAC-2024-001'),
  ('00000004-0000-0000-0000-000000000003', 'FAC-2024-002')
ON CONFLICT DO NOTHING;

-- -----------------------------------------------------------------------------
-- Students
-- -----------------------------------------------------------------------------
INSERT INTO public.students (user_id, student_id, year_level, program_id, section) VALUES
  ('00000004-0000-0000-0000-000000000004', '2024-00001', 1, '00000003-0000-0000-0000-000000000001', '1A'),
  ('00000004-0000-0000-0000-000000000005', '2024-00002', 1, '00000003-0000-0000-0000-000000000001', '1A'),
  ('00000004-0000-0000-0000-000000000006', '2024-00003', 1, '00000003-0000-0000-0000-000000000002', '1B')
ON CONFLICT DO NOTHING;

-- -----------------------------------------------------------------------------
-- Academic Year
-- -----------------------------------------------------------------------------
INSERT INTO public.academic_years (id, label, status) VALUES
  ('00000005-0000-0000-0000-000000000001', '2024-2025', 'active')
ON CONFLICT DO NOTHING;

-- -----------------------------------------------------------------------------
-- Semesters  (1st = active, 2nd and midyear = draft)
-- -----------------------------------------------------------------------------
INSERT INTO public.semesters (id, academic_year_id, term, status) VALUES
  ('00000006-0000-0000-0000-000000000001', '00000005-0000-0000-0000-000000000001', '1st',     'active'),
  ('00000006-0000-0000-0000-000000000002', '00000005-0000-0000-0000-000000000001', '2nd',     'draft'),
  ('00000006-0000-0000-0000-000000000003', '00000005-0000-0000-0000-000000000001', 'midyear', 'draft')
ON CONFLICT DO NOTHING;

-- -----------------------------------------------------------------------------
-- Courses  (1st semester, BSCS Year 1)
-- -----------------------------------------------------------------------------
INSERT INTO public.courses (id, academic_year_id, program_id, professor_id, course_code, name, semester, units, year_level) VALUES
  ('00000007-0000-0000-0000-000000000001', '00000005-0000-0000-0000-000000000001',
   '00000003-0000-0000-0000-000000000001', '00000004-0000-0000-0000-000000000002',
   'CS101', 'Introduction to Computing',   '1st', 3, 1),

  ('00000007-0000-0000-0000-000000000002', '00000005-0000-0000-0000-000000000001',
   '00000003-0000-0000-0000-000000000001', '00000004-0000-0000-0000-000000000002',
   'CS102', 'Computer Programming 1',      '1st', 3, 1),

  ('00000007-0000-0000-0000-000000000003', '00000005-0000-0000-0000-000000000001',
   '00000003-0000-0000-0000-000000000001', '00000004-0000-0000-0000-000000000003',
   'MATH101', 'Mathematics in the Modern World', '1st', 3, 1),

  -- 2nd semester courses (draft)
  ('00000007-0000-0000-0000-000000000004', '00000005-0000-0000-0000-000000000001',
   '00000003-0000-0000-0000-000000000001', '00000004-0000-0000-0000-000000000002',
   'CS103', 'Computer Programming 2',      '2nd', 3, 1),

  ('00000007-0000-0000-0000-000000000005', '00000005-0000-0000-0000-000000000001',
   '00000003-0000-0000-0000-000000000001', '00000004-0000-0000-0000-000000000002',
   'CS201', 'Data Structures and Algorithms', '2nd', 3, 2)
ON CONFLICT DO NOTHING;

-- CS103 requires CS102; CS201 requires CS102
UPDATE public.courses
SET prerequisite_course_id = '00000007-0000-0000-0000-000000000002'
WHERE id IN (
  '00000007-0000-0000-0000-000000000004',
  '00000007-0000-0000-0000-000000000005'
);

-- -----------------------------------------------------------------------------
-- Enrollments  (students in 1st-semester courses)
-- -----------------------------------------------------------------------------
INSERT INTO public.enrollments (id, student_id, course_id, academic_year_id, status) VALUES
  -- Maria Santos
  ('00000008-0000-0000-0000-000000000001', '00000004-0000-0000-0000-000000000004',
   '00000007-0000-0000-0000-000000000001', '00000005-0000-0000-0000-000000000001', 'enrolled'),
  ('00000008-0000-0000-0000-000000000002', '00000004-0000-0000-0000-000000000004',
   '00000007-0000-0000-0000-000000000002', '00000005-0000-0000-0000-000000000001', 'enrolled'),
  ('00000008-0000-0000-0000-000000000003', '00000004-0000-0000-0000-000000000004',
   '00000007-0000-0000-0000-000000000003', '00000005-0000-0000-0000-000000000001', 'enrolled'),
  -- Jose Garcia
  ('00000008-0000-0000-0000-000000000004', '00000004-0000-0000-0000-000000000005',
   '00000007-0000-0000-0000-000000000001', '00000005-0000-0000-0000-000000000001', 'enrolled'),
  ('00000008-0000-0000-0000-000000000005', '00000004-0000-0000-0000-000000000005',
   '00000007-0000-0000-0000-000000000002', '00000005-0000-0000-0000-000000000001', 'enrolled'),
  -- Liza Mendoza
  ('00000008-0000-0000-0000-000000000006', '00000004-0000-0000-0000-000000000006',
   '00000007-0000-0000-0000-000000000001', '00000005-0000-0000-0000-000000000001', 'enrolled'),
  ('00000008-0000-0000-0000-000000000007', '00000004-0000-0000-0000-000000000006',
   '00000007-0000-0000-0000-000000000003', '00000005-0000-0000-0000-000000000001', 'enrolled')
ON CONFLICT DO NOTHING;

-- -----------------------------------------------------------------------------
-- Grades  (some graded, some pending)
-- -----------------------------------------------------------------------------
INSERT INTO public.grades (enrollment_id, grade, remarks) VALUES
  ('00000008-0000-0000-0000-000000000001', NULL,  NULL),       -- Maria / CS101 — pending
  ('00000008-0000-0000-0000-000000000002', 1.50,  'Passed'),   -- Maria / CS102
  ('00000008-0000-0000-0000-000000000003', 1.75,  'Passed'),   -- Maria / MATH101
  ('00000008-0000-0000-0000-000000000004', NULL,  NULL),       -- Jose / CS101 — pending
  ('00000008-0000-0000-0000-000000000005', 2.25,  'Passed'),   -- Jose / CS102
  ('00000008-0000-0000-0000-000000000006', 3.00,  'Passed'),   -- Liza / CS101
  ('00000008-0000-0000-0000-000000000007', NULL,  NULL)        -- Liza / MATH101 — pending
ON CONFLICT DO NOTHING;
